004c51f6-ebc0-4ba5-8407-ffd35e7bf1ec,new
006a4ea4-4490-48ce-999b-e8d3afb9c947,new
0127c118-3e20-40b3-a0a2-23c5430c06ff,new
029f309a-8e30-43b7-928d-914e210dcdfd,new
04187b9c-292f-4018-8a98-5ef9fd3e3759,new
0b23e797-3263-4fcb-8a2d-650410a8e5e6,new
0b7effb0-9a49-4ffc-9aa5-242c986c63ab,new
13621559-a8e7-46dd-9b97-2a0e4237a722,new
155994c0-1ad7-4d3c-bfe5-02e45e9adbb7,new
1650c509-7c1c-4e02-bd72-258fce7ceec3,new
197b6075-5d29-4c61-9786-3f6de26c370d,new
19dc74f3-cf54-4464-9524-b1808a263d25,new
1a57da66-974c-4c44-bc16-8d03c44dd5d4,new
21d75a29-a51c-406f-8e8c-47463c416a4b,new
22900c34-200a-4914-8337-89b8f5fd5498,new
2648dae3-0ca9-43f8-8b9d-ca3fab6f3c35,new
268f9365-390c-472b-a901-a1c60f94a263,new
2693d180-7a33-431c-8bb7-757396a8b960,new
2b4e9173-5fe5-43ba-b14f-71194e03334c,new
2ba371b1-dec5-4f83-9c92-5155351924a5,new
2c050935-abb9-40dc-b9e3-be960235921e,new
2c1baa71-e33f-4f14-83fd-230cb2265fe9,new
2ea8bfad-f071-492a-8bb6-692e35011b27,new
31f156a0-92b8-4397-8d13-fcf993e8e96f,new
3225cd20-05c4-45a2-a403-d78df4aa85ff,new
32fd4b75-d712-4d89-96c6-a98f620b4a80,new
346435c9-fdaf-4d4c-ba37-a305c51c570c,new
34e668fa-5fd4-44fa-a3be-459ea168a9a1,new
36dce298-d5ee-47a6-af36-1f46cbab044a,new
36f64c3f-28cc-4e65-917a-6c646376e03c,new
377623aa-a7f8-412b-9bc6-189097658531,new
3986c082-fd39-4057-aa50-6f180cd2b307,new
3dffc9d0-59fe-4a9c-bf92-d519131064ca,new
42622f63-6736-42e8-ad2d-a40a24fac75e,new
465fc92f-3278-41a5-8409-b7cb859a3cc7,new
473784d9-d220-4875-8a20-ae0dbfa8f9f7,new
48ddd621-4f80-4fa7-bff4-974c09130f22,new
492b7314-3ea5-4ba6-afc9-e4aa83e6f17e,new
4d552eee-b36f-4021-9cc6-645e736a07e9,new
4ef55b7c-565a-46e7-8891-fad64cf1ffd4,new
51b4ab40-a910-43ba-b56b-3fcd0db8ce76,new
5462a170-eb1d-447a-8b76-ae0147f4b74f,new
560caddf-e91b-45a2-9e47-3ac181c5eae4,new
578e2617-8833-44fe-b84f-cc842f81c260,new
58db98cf-e650-4b9e-b3a8-8eff9e0ee1ce,new
5bb87678-4403-414d-80da-2a7d02902061,new
5da1ee81-1b64-4780-bd49-9e129a77b826,new
5e05ee93-efc9-43a1-bb8f-c60834d5db5c,new
5f0faea4-69d6-43cb-955c-0082ebc119b0,new
60b58b78-79fd-4eaa-91d1-f096a9b568be,new
63c7db5a-05da-4e0e-8750-f662752d2e7f,new
64848fb1-0df6-4c63-9a1f-aa92bf7db407,new
64b96a20-306f-4a5f-974e-dee439bcd547,new
652fa04f-9188-4709-a8bb-27516853ac0f,new
65d50f71-b258-4963-b05c-a24217275afb,new
66cdbc1d-9e2d-4dec-8ed0-a129c5e4df91,new
672cabac-2124-4432-a90e-3404835b4500,new
6b73aa6d-5454-4349-8e15-122b9141a14a,new
6be8c295-a6fe-4c1b-baeb-42170c7d92be,new
6c88abe2-9774-48c1-b6b1-e7b88848bd25,new
6cac41d7-3041-4582-86e5-c97e6803955e,new
6caffcdd-507a-4883-b40f-e07294e1ce92,new
6f6af321-2111-44f9-8bf6-a2199352c0d4,new
707a9a0f-94b2-4281-81c3-5b6e14bf110b,new
717a0674-ace5-4813-aba6-0648ec4329bb,new
78cae2a6-549d-4779-b912-452c8de6b89f,new
793a9e15-48e1-412a-8d73-28ed05c67e55,new
7bf2b2e4-dbce-4e1f-bd9e-df9aeee4bc20,new
7e2dcd1f-91a7-429d-af85-7a30d80f5294,new
80675b80-a0b8-463d-84d6-cf97fbdbfda0,new
84e1ccab-c070-4d79-812c-18c0d0b5f2d8,new
856b6b25-bb5b-48aa-8f40-c09b75e0f1cb,new
89e1a86a-3232-4422-baea-544b62339182,new
8bcccd96-b93b-4dae-b0a1-cd5de208d805,new
9421dc29-c363-44cb-b323-4c0a61b872b9,new
944fc02f-0148-48e2-8376-3af0a36bcdc5,new
97e196c5-7174-4452-8067-e2095efd8997,new
9a7a66e1-5024-4cf1-b9cc-0f8d99b7ae8c,new
9b41e337-4580-4a5a-a145-60020f46afa8,new
9ce6036d-c421-41bf-8358-6dd0e084a7cf,new
a086c327-d044-48b5-97e2-bb2922847f28,new
a28c228b-a8fb-497a-b4ab-f2e3ce1baed9,new
a35e1319-e099-431d-8410-d99c7296f222,new
a53e9a0e-2e46-4d37-9849-62f7ae344964,new
aa6ddc21-fd53-4e6c-bf58-c251088c8585,new
b1282579-65f6-4929-9426-82258b5b5e2a,new
b358020e-5bcd-46e8-b317-cfb6b12f5b1f,new
b454a695-390f-4841-b0ae-9689385b3a5e,new
b684ce50-d31b-451b-aa4a-5896a76978db,new
b6c5665d-44e3-4cde-9e0e-f853184de629,new
b794e3be-3f22-41a3-ad20-b6b450bd4199,new
ba7247f4-4553-4085-95ab-ff18f024bd64,new
c115bb8b-23ab-48de-b139-b6c36984f64e,new
c23374d6-815b-4cac-88ba-ee9807126369,new
c2793466-a4e5-4af4-ab06-a9a1d8914e39,new
c4e5d96c-8dbd-48a7-bde8-bda012f575ca,new
c5f23150-b174-4b90-97f2-9169bab4f5b0,new
c88eb576-f9b2-43b9-ab60-0aaf71ae6f0f,new
cf06233b-3d23-41a0-967b-47550f0ae354,new
d3c31d59-a87e-48c2-922c-a2b42a76f17a,new
d4212e20-c819-45fd-85b5-80188291b3a5,new
d78c9d34-1593-4b7d-a670-c0e09af186d7,new
dd08882d-d513-4303-a6d4-69a21e2aefe4,new
ddfa6fb1-1c38-412d-b7a8-210dc9609530,new
deacac0e-bfd0-4d2e-b19b-c5cb76e76917,new
e0c53171-1b8a-44b8-8e7a-4079cf32bf39,new
e0ca5dee-14dd-46ea-b20a-0d0467145901,new
ef76e255-4afd-420c-8727-5ac8772067a1,new
f0586a90-9f26-47ef-a317-f899dfe54dac,new
f06875b8-921a-4481-88e4-200782f9b9db,new
f36777ff-3021-40e2-96bf-fc032b25f756,new
f45ba39b-9370-430f-8743-2dd28ad73fa2,new
f4c8342f-87c4-4fcc-821f-867199da45ce,new
f6578936-2461-4a0c-878b-e7b4bdf62863,new
f7b70ab2-f9e1-4f3a-bb43-61cebf39011c,new
fc26788c-b4ea-4506-a97f-c46d9be9e0e5,new
fd4d5b8d-49fe-4a2e-9913-8b968f90fad5,new
fe6c287c-e814-4542-9f62-5ac31e1af9a9,new
